{
    "avg_prec": {
        "train": 0.9751434436070668,
        "test": 0.9235306143185396
    },
    "roc_auc": {
        "train": 0.9871309688405276,
        "test": 0.9442847901992515
    }
}